,ADS8688,ADS8688相关内容,https://pan.baidu.com/s/17pa_l4uaHzREOg24oUh8yg?pwd=9rib,
,BGM225,BGM225,https://pan.baidu.com/s/1AhaBLXBmQYkMDklpii2Itw?pwd=m491,
,2022年电赛猜题,2022年电赛猜题,https://pan.baidu.com/s/1dXDxHbQ8P_Cy4_RvAWTN7g?pwd=8c8w,
,2022年电赛资料,2022年TI杯省级大学生电子设计竞赛芯片推荐列表 - 副本,https://pan.baidu.com/s/1LqxTDWUEuq-HbzqB5Vq9QQ?pwd=bcf7,
,CD4046仿真,CD4046+161,https://pan.baidu.com/s/1WViiMpH81DHZ40ImYL61dA?pwd=qmhd,
,EG1120,EG1120,https://pan.baidu.com/s/1bfc0iP-ZyPBhWI3XtwgLzw?pwd=p0yz ,
,EG1162,EG1162-5V20A,https://pan.baidu.com/s/1Z3vCyZRlJZ1pe9d9qtI5pg?pwd=u9xu,
,EG1164,EG1164成品，请反复检查,https://pan.baidu.com/s/1oIXK_KEAg2j-LhWHK3HlZQ?pwd=8d1j ,
,EG1165全套资料,EG1165,https://pan.baidu.com/s/16fFBEk7oE0gumRSeojJrIw?pwd=yjzq ,
,EG1190,EG1190-12v@8A_,https://pan.baidu.com/s/1POhBA9-ZMJGTfmXk888HcQ?pwd=p0zj ,
,EG1192,EG1192 原理图与PCB,https://pan.baidu.com/s/1Os4Ty7U50mVupNXz57-ZTQ?pwd=a697 ,
,EG3525 PCB,EG3525 SCHPCB,https://pan.baidu.com/s/1myQQrAN6PGM7S0XBMkS6Rg?pwd=qymr ,
,EG6599全套资料,EG6599 PCB NEW,https://pan.baidu.com/s/1vBeFi9xT6mR52PTHMhDhaA?pwd=lwc4,
,EG8010,EG8010 SCH PCB 单相SPWM 逆变器专用芯片 - 修改,https://pan.baidu.com/s/1MwfIKLVIC2kQ8DfhywZHng?pwd=94cq ,
,EG8011全套资料,推挽准谐振1000W逆变器后级驱动板EGS003 EG8011+EG2126驱动模块,https://pan.baidu.com/s/1M_q6uHbMA74cKOGpm35urw?pwd=bjro,
,EG8025全套资料,EG8025,https://pan.baidu.com/s/1v3Y6bnmC3G4IeFTzUes2Qw?pwd=phrp,
,FP6296,FP6296原理图与PCB,https://pan.baidu.com/s/1XNX1r4u0OOtOlCOGrE4hTQ?pwd=tyog,
,IP5306,IP5306 SCH PCB,https://pan.baidu.com/s/1qJBQvVWtuR3jJtkCOmtfkA?pwd=3s6i,
,ISOUSB211,ISOUSB,https://pan.baidu.com/s/18wDvqu2yeCC6krhm3mDZEg?pwd=l4bc,
,"LM2596，LM2576,PCB",LM2596PCB,https://pan.baidu.com/s/1LZwTKYWksjyYLJfcUJmYJQ?pwd=k8m7,
,MT2492,MT2492 SCH PCB,https://pan.baidu.com/s/1etg-jbezmhhqg4GJZSqdcQ?pwd=0q4w,
,MT2499,MT2499A SCH PCB,https://pan.baidu.com/s/1aMryzD8gYGWemSxGE6kQ9g?pwd=1p43,
,SiC,碳化硅驱动电路,https://pan.baidu.com/s/1fJm9bMZXD3ZzyI1q8Te12Q?pwd=lp6u,
,SY7304,SY7304 PCB,https://pan.baidu.com/s/1M8FaHjVsG5A5q3p8GPV7RA?pwd=m1zd,
,SY8368,SY8368AQQC原理图与PCB,https://pan.baidu.com/s/13q-b_JCDgY-5NSs0sF4lug?pwd=1qcf,
,TD1837,TD1837 TD1660 MP4560,https://pan.baidu.com/s/1n7R59m2rpGHr65IdeLznKA?pwd=3wmh,
,TPS63060原理图与PCB,长江大学TPS63060 PCB,https://pan.baidu.com/s/1hIJl_CEaBlHPq1_mhI4TiQ?pwd=pnfz,
,UC3842反激,UC3842,https://pan.baidu.com/s/17Ej8nHO3H1w2h3A0_W877g?pwd=u8zz,
,UCC28019,UCC28019 UCC28180 PCB,https://pan.baidu.com/s/1eFxN95371eXYnUrRgOK3fA?pwd=q6m3,
,XL2009,XL2009 PCB,https://pan.baidu.com/s/12u5YkQrrzltwr8lv47FLng?pwd=rpg5,
,XL4015,XL4015原理图与PCB,https://pan.baidu.com/s/12ARBSb4BuUQ7l-6j_6uMXg?pwd=ilan,
,XL6019反激PCB,XL6019 flyback PCB,https://pan.baidu.com/s/1TzcfKAUes_cIr98lIFDHeg?pwd=1aye,
,冰墩墩PCB,长大冰墩墩,https://pan.baidu.com/s/1CFtVtqpBN7nEAqswwNqHCw?pwd=6tv3,
,磁保持,FH44L-1AT-L2-DC5V磁保持继电器,https://pan.baidu.com/s/1P-lwQZkjNm9GXn0poMSC2g?pwd=3rsh,
,单相并网,单相并网,https://pan.baidu.com/s/1In-7u_mh9Uuq-nPTWN5-EA?pwd=j1zw,
,单相并网MC,软硬件开源的单相并网逆变器,https://pan.baidu.com/s/1XVSfqQj_z0hWp04hpOaf-Q?pwd=q42q,
,电感计算器,电感计算器,https://pan.baidu.com/s/1d0Q5w196r678-p9a2c4dIA?pwd=r6gp,
,电赛报告,电赛报告,https://pan.baidu.com/s/1hc57sBmG5VhDCEr7MkGN7A?pwd=qi63,
,额温枪,开源额温枪,https://pan.baidu.com/s/1pq5qkWRJMJhM9Q7htCsh1w?pwd=0gr3,
,分立仪放,AD8066仪表放大器电路,https://pan.baidu.com/s/1sOHV2dtrNFK718c9cTUwTw?pwd=947q,
,分压电阻计算器,DCDC分压电阻计算器,https://pan.baidu.com/s/1SAZ8T6Eepf5hHl71-pHXnw?pwd=15c0,
,高频变压器 磁芯,反激高频变压器,https://pan.baidu.com/s/1Y4CWYOZdZBSFdnPIs1ez3w?pwd=v0sq,111111
,华大,华大MCU,https://pan.baidu.com/s/1gBpmkDUtAoPNzQgUWagTnA?pwd=ozni,
华为,华为NAE12S03 NAE12S17,华为数字电源模块,https://pan.baidu.com/s/1OzZtcrBNngZCq5zAHv-vkQ?pwd=1niu,
开关电源PCB,开关电源,0电源大师,https://pan.baidu.com/s/1sS6Zf-sB2_F82W4SVbn48w?pwd=tx62,
,开源电调,开源电调ESC,https://pan.baidu.com/s/1QyikGQ2Y8RkcHr1oE9TCkg?pwd=xrn6 ,
,抗原,抗原检测试剂盒,https://pan.baidu.com/s/16eHTwHVamgCynXcNBcMR8A?pwd=gnqz ,
历年题目,历年题目,历年电赛题目,https://pan.baidu.com/s/1VEaxDBRIqLgTStzsKUBJTw?pwd=f26r,
,如何获取打包的开发板以及芯片资料？,,https://pan.baidu.com/s/1RaYHOD7xk7fnotmgLpoAlA?pwd=xk2n,
,唐老师讲电赛,唐老师讲电赛,https://pan.baidu.com/s/1dhKB-G3no0AHLTt_QwjtUg?pwd=5kah,
,万用表,开源6位手持开源万用表,https://pan.baidu.com/s/12sVUYXuH4lj19bvwePyo6g?pwd=7kdb,
,无刷,开源直流无刷电机驱动电路,https://pan.baidu.com/s/1r6IED5e57BShUvrVNFaMXQ?pwd=gnj5,
,心电全套资料,心电图,https://pan.baidu.com/s/1-Y6huNUcVM21jg40wmOLcA?pwd=qftk,
,仪器对比,2023年与以前元器件清单对比,https://pan.baidu.com/s/1MLf0BxV1HPAc26Q_JSBQAg?pwd=8i4f,
综合测评,综合测评,综合测评,https://pan.baidu.com/s/1mmyHJRLSC0xURLR2X4BFiw?pwd=8b38,
,PW2815,PW2815原理图与PCB,https://pan.baidu.com/s/1OLL_db1_WtsEyA2P3ZoqXA?pwd=kr7o,
,棱晶,棱晶半导体PCB,https://pan.baidu.com/s/1kbUovYOjEXBLEFzF8Ao4mg?pwd=hjym,
,中兴,中兴ZXDN10S1205,https://pan.baidu.com/s/1HQEQZHk-qoHGqEaicNc_Xg?pwd=w9r4,
,宽带放大,宽带放大,https://pan.baidu.com/s/1IwbxP_QENo8hndTmBIVX7Q?pwd=ttwn,
,最新EG1164,唐老师最新EG1164-24V10A,https://pan.baidu.com/s/1aNLu3lQx2Mq8E2iIc7muHg?pwd=zodn,
电流检测,电流检测（解压密码111111）,开源电流检测,https://pan.baidu.com/s/1olY1xOtBrCaYCjOggL9aQQ?pwd=kp1b,
,芯片供电滤波,电子设计最容易犯的错误,https://pan.baidu.com/s/16zUXr2LXbctFDNEipbQBIg?pwd=lxzp,
,芯洲科技SCT2A10,SCT2A10STER PCB,https://pan.baidu.com/s/1CXZOCMTjCXdBlbxH6UnDdA?pwd=fe3k,
,LLC,LLC,https://pan.baidu.com/s/11xYgVImrTZdP5Dpn1DAg_Q?pwd=bks5,
,EG6599全套资料,EG6599 PCB2,https://pan.baidu.com/s/1lnKph4ktkdrfHSVtkobIlg?pwd=voz3,
,睿登RD6006数控电源电路图,睿登RD6006数控电源电路图,https://pan.baidu.com/s/1XOL4oG4WzchgTwX1aRlPdg?pwd=dimu,
,SY8401,矽力杰SY8401原理图与PCB设计,https://pan.baidu.com/s/1NeVyGs84jsJhy_n0OXxFVw?pwd=b3a8,
,JW3510,开源JW3510,https://pan.baidu.com/s/1kQl5trgTO2eN3-IuxLk6Aw?pwd=dxap,
,VPS8504,VPS8504B VPS8504C VPS8505 SCM1212BTA,https://pan.baidu.com/s/1qYIw4Fmgb6yqpEyFp-EQTw?pwd=r8zl,
,SGM61410,SGM61410 SCH PCB,https://pan.baidu.com/s/16hTDY5K-oma5qJ_KyrupJQ?pwd=az1h,
,VPS8703，VPS8701，VPS8702 pcb,VPS8701 VPS8702 VPS8703 PCB,https://pan.baidu.com/s/1dcp8oKzcJ5oiaYKloswhMQ?pwd=v5kl,
,维也纳整流器,三相维也纳整流PFC,https://pan.baidu.com/s/1kbWgFjGZjZeweaTfdao33A?pwd=cfyn,
,三相并网,三相并网,https://pan.baidu.com/s/11NclTBDv1kUFacbl1oOBiw?pwd=wmjd,
,SY8303,SY8303 SCH PCB,https://pan.baidu.com/s/1WhWnfaEgVhi5uAjqiT-mwg?pwd=5koq,
,SY8205,SY8205FCC SCH PCB,https://pan.baidu.com/s/1IXqwFbKTn-eTR-eW_OfZ3Q?pwd=pvpn,
,SOUTHCHIP(南芯)PCB,southchip,https://pan.baidu.com/s/1T_Qfk2OnjYd6Obc71zNd2w?pwd=ak36,
,中颖,SH367309,https://pan.baidu.com/s/1zoMFcgopBXwkNk8-30FRkQ?pwd=cnyn ,
,TPS565201,TPS565201原理图与PCB,https://pan.baidu.com/s/10LfR6FIK18k6nIGkdOo6dA?pwd=kp3u,
,TPS82130,TPS82130原理图与PCB,https://pan.baidu.com/s/1APUMI4ZtGo5aUz9-GC4e3g?pwd=ehj8 ,
,TPS54821,TPS54821原理图与PCB,https://pan.baidu.com/s/1XUuLCPzj0VSUrKO076mrHA?pwd=r408 ,
,NJM2811,NJM2811原理图与PCB,https://pan.baidu.com/s/12JcDDK6Vu3-FHy3siAMI_A?pwd=vxbh ,
,STC32G12K128的原理图与PCB,STC32G12K128电赛最小系统,https://pan.baidu.com/s/1WkRQ3vjdZWxnNHeDf8PhQA?pwd=yi7d ,
,英飞凌TC264,英飞凌BLDC,https://pan.baidu.com/s/1p8KdO0gMxFvdIcapgCMPCg?pwd=yhw6,
,SGM3204,SGM3204 SCH PCB,https://pan.baidu.com/s/1DycpBpLZEk4FGOAGGaMAxw?pwd=ure2,
,SY8105,SY8105 SCH  PCB,https://pan.baidu.com/s/1nt3G_PR0hx-4zi7U4Om4Hg?pwd=5vhh,
,SGM6132 SGM6232 SCH PCB,SGM6132 SGM6232 SCH PCB,https://pan.baidu.com/s/17BxTawQU-xCJMqqLxsg2pg?pwd=f9rb,
,两串ETA3000的PCB,两串ETA3000的PCB,https://pan.baidu.com/s/1oa4UBn3s0PxBqzsiJ-4_Cw?pwd=9acd,
,物联网功率计,开源功率计,https://pan.baidu.com/s/149PZLM0cykPTwQ4hY_mOQg?pwd=tuwy,
,,武汉大学卫星,https://pan.baidu.com/s/1w1QsbqoeQHpwCDoTKasM1w?pwd=thb9 ,